<releases>
  <release>
    <versionCode>100</versionCode>
    <versionName>1.0.0</versionName>
    <versionInfo>App的第1个版本，上线了一些最基础核心的功能.</versionInfo>
  </release>


<release>
  <versionCode>110</versionCode>
  <versionName>1.1.0</versionName>
  <versionInfo>App的第2个版本，上线了一些最基础核心的功能.</versionInfo>
</release>

<release>
  <versionCode>1</versionCode>
  <versionName>1.0.0</versionName>
  <versionInfo>第8个版本。。。</versionInfo>
</release>
</releases>